problem,Solution,Answer
"You are a very strong chess engine.

The chess board is in the following state (FEN): '5bk1/3prp1p/1Q6/1pP2ppN/1q1P4/4P1P1/5P1P/R5K1 w - - 0 29'. 

What is the best move for white?
",a1a8 b4b1 g1g2 b1e4,a1a8
"You are a very strong chess engine.

The chess board is in the following state (FEN): 'r1b2rk1/pp1p1p1p/4p2B/2p1nP2/2P1P3/1P4R1/P5PP/7K b - - 3 20'. 

What is the best move for black?
",g8h8 h6g7 h8g8 g7e5,g8h8
"You are a very strong chess engine.

The chess board is in the following state (FEN): '8/5pp1/pR3r1p/PP6/4k3/7P/6PK/8 b - - 0 42'. 

What is the best move for black?
",a6b5 b6f6 g7f6 a5a6 e4d5 a6a7,a6b5
"You are a very strong chess engine.

The chess board is in the following state (FEN): 'r3k2r/1b2ppbp/pp4p1/8/6Q1/2N5/PPPq1PPP/R2R2K1 b kq - 1 16'. 

What is the best move for black?
",d2h6 g4d7 e8f8 d7d8 a8d8 d1d8,d2h6
"You are a very strong chess engine.

The chess board is in the following state (FEN): 'r3r1k1/pp5p/n1q2N2/5QP1/2p5/7P/PP4B1/2K2n2 b - - 2 33'. 

What is the best move for black?
",c6f6 g2d5 f6e6 d5e6 e8e6 f5e6,c6f6
"You are a very strong chess engine.

The chess board is in the following state (FEN): 'rn1qkbnr/1pp2ppp/3p4/p3N3/2B1P1b1/2N5/PPPP1PPP/R1BQK2R b KQkq - 0 5'. 

What is the best move for black?
",g4d1 c4f7 e8e7 c3d5,g4d1
"You are a very strong chess engine.

The chess board is in the following state (FEN): 'r1b2rk1/ppp2p1p/2np1p2/2b1p3/4P1P1/2PP1N2/PP3P1P/RN2KB1R b KQ - 1 9'. 

What is the best move for black?
",c8g4 h1g1 g8h8 g1g4,c8g4
"You are a very strong chess engine.

The chess board is in the following state (FEN): '6r1/1P5p/3bp3/8/3k4/2p2K2/2R4P/3N4 b - - 3 43'. 

What is the best move for black?
",d4d3 c2c3 d3d4 c3c8,d4d3
"You are a very strong chess engine.

The chess board is in the following state (FEN): '1r2r1k1/5pp1/p6Q/2p1q3/4p3/1P4R1/P1P2PPP/R5K1 w - - 1 30'. 

What is the best move for white?
",a1e1 e5g3 h2g3 g7h6,a1e1
"You are a very strong chess engine.

The chess board is in the following state (FEN): '5rk1/6pn/p1Q4p/1p2R3/8/5N2/1q3PPP/6K1 w - - 2 26'. 

What is the best move for white?
",c6a6 f8f3 e5e8 f3f8,c6a6
"You are a very strong chess engine.

The chess board is in the following state (FEN): '1k5r/ppp2p1p/2b5/4q3/6P1/P4P2/1P2P3/1K1Q1B1R w - - 0 23'. 

What is the best move for white?
",h1h7 c6e4 f3e4 e5e4 b1a1 e4h7,h1h7
"You are a very strong chess engine.

The chess board is in the following state (FEN): '6k1/8/p2pNqpr/2pPp3/2P1B3/4P3/PP2K1R1/8 b - - 3 45'. 

What is the best move for black?
",g8f7 g2f2 f7e7 f2f6,g8f7
"You are a very strong chess engine.

The chess board is in the following state (FEN): '1r3rk1/6p1/3p1q1p/3P4/2Q2p2/2n2N1P/5PP1/R4RK1 w - - 0 27'. 

What is the best move for white?
",f3d4 f6d4 c4d4 c3e2 g1h2 e2d4,f3d4
"You are a very strong chess engine.

The chess board is in the following state (FEN): '2r2r1k/p5p1/2p1Q2p/2RpBn2/3P4/3q4/P5PP/2R3K1 w - - 0 27'. 

What is the best move for white?
",c5c6 d3e3 g1h1 e3c1 c6c1 c8c1,c5c6
"You are a very strong chess engine.

The chess board is in the following state (FEN): '8/pp1nQpk1/6p1/3PP2r/q7/3B1NK1/PP6/8 b - - 2 34'. 

What is the best move for black?
",d7e5 f3e5 a4h4 e7h4 h5h4 g3h4,d7e5
"You are a very strong chess engine.

The chess board is in the following state (FEN): 'rn1q1rk1/pp4p1/2p2npp/2b5/4p3/2N3P1/PPP1Q1BP/R1B2R1K b - - 1 14'. 

What is the best move for black?
",f8e8 e2c4 g8h7 c4c5,f8e8
"You are a very strong chess engine.

The chess board is in the following state (FEN): 'b1r5/5p1k/4p1p1/4P2p/1R1PP3/R1P1b1QP/4qNP1/N5K1 w - - 5 40'. 

What is the best move for white?
",b4a4 e2e1 g1h2 e3f2 g3f2 e1f2,b4a4
"You are a very strong chess engine.

The chess board is in the following state (FEN): '2kr3r/ppq1bppp/4p3/4n3/QP1P4/P7/1B3PPP/RN3RK1 b - - 1 17'. 

What is the best move for black?
",e5g4 f1c1 c7c1 b2c1,e5g4
"You are a very strong chess engine.

The chess board is in the following state (FEN): 'r4r1k/pb5p/2pQ1p2/3p1B2/6q1/2P2R2/P5PP/3N3K b - - 0 27'. 

What is the best move for black?
",a8e8 d6f8 e8f8 f5g4,a8e8
"You are a very strong chess engine.

The chess board is in the following state (FEN): 'r4rk1/1pqb1ppp/p2bp3/2p1N3/4R3/1P1P4/PBP2PPP/R2Q2K1 w - - 3 16'. 

What is the best move for white?
",d1g4 f7f5 g4h4 f5e4,d1g4
"You are a very strong chess engine.

The chess board is in the following state (FEN): '8/2p3pp/p5k1/1nPKQ3/1P3B2/3q4/P4P2/8 w - - 7 39'. 

What is the best move for white?
",d5e6 b5d4 e6d7 d4f3 d7c7 f3e5,d5e6
"You are a very strong chess engine.

The chess board is in the following state (FEN): 'r1bq4/ppp2rbk/6Np/3Np3/2PnP3/P2B2P1/1P3P2/R2QK2R b KQ - 0 18'. 

What is the best move for black?
",h7g6 d1h5 g6h7 h5f7,h7g6
"You are a very strong chess engine.

The chess board is in the following state (FEN): '5rk1/1p1BQ1pp/p7/3p2P1/1P1q1P2/P5B1/2r2R1P/6K1 b - - 1 32'. 

What is the best move for black?
",c2f2 d7e6 g8h8 e7f8,c2f2
"You are a very strong chess engine.

The chess board is in the following state (FEN): '1r4k1/4ppbp/3p2p1/3Pn3/Np6/1P5P/PB1r2P1/R2B1RK1 w - - 0 24'. 

What is the best move for white?
",f1f2 d2f2 g1f2 e5d3 f2e3 d3b2,f1f2
"You are a very strong chess engine.

The chess board is in the following state (FEN): '1k6/5R2/2PK4/4P3/8/5pr1/7p/8 w - - 2 61'. 

What is the best move for white?
",c6c7 b8b7 f7f8 g3g6 e5e6 g6e6 d6e6 b7c7 f8h8 f3f2 h8h2 f2f1q,c6c7
"You are a very strong chess engine.

The chess board is in the following state (FEN): 'r2q2k1/ppp2p2/2n4p/3p2pQ/3Nr1b1/2P3B1/P1P1B1PP/R3K2R w KQ - 2 15'. 

What is the best move for white?
",h5h6 c6d4 c3d4 e4e2,h5h6
"You are a very strong chess engine.

The chess board is in the following state (FEN): 'R5k1/2q2ppp/2n1bn2/1p2p3/8/4P3/1P2BPPP/3RB1K1 b - - 0 23'. 

What is the best move for black?
",c6b8 e1a5 c7c8 d1d8 c8d8 a5d8,c6b8
"You are a very strong chess engine.

The chess board is in the following state (FEN): '3k4/8/2q5/p1p1P3/2Kp1P2/7r/2R1Q2P/8 w - - 11 46'. 

What is the best move for white?
",e2g2 h3c3 c2c3 c6g2,e2g2
"You are a very strong chess engine.

The chess board is in the following state (FEN): '8/1p2p3/p4k2/P2PN1p1/1P1K3p/6nP/6P1/1b3B2 w - - 1 50'. 

What is the best move for white?
",f1c4 g3f5 d4c5 f6e5,f1c4
"You are a very strong chess engine.

The chess board is in the following state (FEN): 'r2qkb1r/ppp4p/5pb1/7Q/3np2N/2N5/PPP2PPP/R3KB1R w KQkq - 4 12'. 

What is the best move for white?
",h4g6 d4c2 e1e2 d8d3,h4g6
"You are a very strong chess engine.

The chess board is in the following state (FEN): 'r4rk1/pp2Rppp/3n4/3P4/P2p4/3P1QP1/1q3PBP/4R1K1 b - - 1 21'. 

What is the best move for black?
",f8e8 f3f7 d6f7 e7e8 a8e8 e1e8,f8e8
"You are a very strong chess engine.

The chess board is in the following state (FEN): '2r1r1k1/ppqn2b1/2p2pQ1/3P2N1/8/1PB3P1/P4PK1/7R b - - 0 26'. 

What is the best move for black?
",e8e7 h1h8 g8h8 g6h7,e8e7
"You are a very strong chess engine.

The chess board is in the following state (FEN): '6rk/p6p/2P5/3p3b/3N4/2PqNP2/PP3Q1P/7K w - - 3 37'. 

What is the best move for white?
",d4f5 d3b1 e3f1 b1f5,d4f5
"You are a very strong chess engine.

The chess board is in the following state (FEN): '6k1/3r1pp1/1n2n2p/3p4/P2N3P/1Pp2BP1/5P2/3R2K1 w - - 3 34'. 

What is the best move for white?
",f3g4 e6d4 d1d4 c3c2,f3g4
"You are a very strong chess engine.

The chess board is in the following state (FEN): '3k1r2/1p4p1/pN5p/3P4/1b2q3/4BP2/P6P/2R2Q1K b - - 0 27'. 

What is the best move for black?
",e4e3 c1c8 d8e7 d5d6 b4d6 b6d5,e4e3
"You are a very strong chess engine.

The chess board is in the following state (FEN): '4Qbk1/2p4p/5r2/pp1P4/1Pb5/K2n3P/P3R1B1/1R6 w - - 0 33'. 

What is the best move for white?
",e2b2 a5b4 b2b4 f6a6,e2b2
"You are a very strong chess engine.

The chess board is in the following state (FEN): '6k1/1b3pp1/5n1p/1q6/4PQ2/2B3PP/6BK/8 b - - 0 40'. 

What is the best move for black?
",f6e4 f4b8 g8h7 g2e4,f6e4
"You are a very strong chess engine.

The chess board is in the following state (FEN): '6k1/p2rnp1p/bbpNp1p1/4P1B1/B1p5/7P/PP4P1/3R3K b - - 3 22'. 

What is the best move for black?
",g8g7 d6e8 g7f8 d1d7,g8g7
"You are a very strong chess engine.

The chess board is in the following state (FEN): '2r5/1p1k1p2/4q3/3Np3/p3P3/P3PQ2/1P6/1K6 b - - 3 38'. 

What is the best move for black?
",e6c6 f3f7 d7d6 f7e7,e6c6
"You are a very strong chess engine.

The chess board is in the following state (FEN): '3q2r1/3P1pk1/p3b3/1p2Q3/P1pR4/2P5/1P4P1/6K1 b - - 4 47'. 

What is the best move for black?
",g7g6 e5g3 g6f6 g3g8 d8g8 d7d8q g8d8 d4d8,g7g6
"You are a very strong chess engine.

The chess board is in the following state (FEN): '6k1/8/5B1p/4p3/p3P1P1/1p1n1N2/P7/6K1 w - - 0 41'. 

What is the best move for white?
",f3e5 b3b2 e5d3 b2b1q,f3e5
"You are a very strong chess engine.

The chess board is in the following state (FEN): '3r1rk1/pp2qppp/2p1b1P1/7P/4p3/1P2P1Q1/PBPR1P2/2K4R b - - 0 19'. 

What is the best move for black?
",d8d2 g6h7 g8h7 g3g7,d8d2
"You are a very strong chess engine.

The chess board is in the following state (FEN): 'rn1qkbnr/1b2pppp/p1p5/1p2N3/P1pP4/4PQ2/1P3PPP/RNB1KB1R b KQkq - 1 7'. 

What is the best move for black?
",f7f6 f3h5 g7g6 e5g6 h7g6 h5h8,f7f6
"You are a very strong chess engine.

The chess board is in the following state (FEN): 'r7/P1R2p1p/3pk1p1/1r1pPp2/5P2/8/4b1PP/R3N1K1 b - - 0 33'. 

What is the best move for black?
",d6e5 a1a6 b5b6 a6b6,d6e5
"You are a very strong chess engine.

The chess board is in the following state (FEN): 'r3k2r/1pq2ppp/2n5/2bQPp2/5B2/P1N5/5PPP/R3R1K1 b kq - 0 18'. 

What is the best move for black?
",c6d4 e5e6 c7c6 e6f7,c6d4
"You are a very strong chess engine.

The chess board is in the following state (FEN): '2kr3r/pppqnpb1/6p1/3P3p/4P3/2N4P/PPPQB1P1/R3K2R w KQ - 1 15'. 

What is the best move for white?
",e1c1 g7h6 d2h6 h8h6,e1c1
"You are a very strong chess engine.

The chess board is in the following state (FEN): '5rk1/1b1Q1ppp/pbp5/3p4/1q3B2/2N4P/PPP2PP1/1R4K1 w - - 2 20'. 

What is the best move for white?
",d7b7 b6f2 g1f2 b4b7,d7b7
"You are a very strong chess engine.

The chess board is in the following state (FEN): 'r2qkb1r/ppp2ppp/2n5/3pN3/3P2n1/3pP3/PPP2PP1/RNBQ1RK1 w kq - 0 9'. 

What is the best move for white?
",e5c6 d8h4 d1g4 h4g4,e5c6
"You are a very strong chess engine.

The chess board is in the following state (FEN): '1br2rk1/1b1nqppp/2p2n2/1p2p3/1P1PN3/1Q1BPN2/5PPP/1RB2RK1 w - - 0 17'. 

What is the best move for white?
",e4c5 d7c5 b4c5 e5e4,e4c5
"You are a very strong chess engine.

The chess board is in the following state (FEN): '1rr4k/p6p/1p3QP1/2p5/8/2P3Pq/P4n1P/5RK1 b - - 2 28'. 

What is the best move for black?
",h8g8 f6f7 g8h8 g6g7,h8g8
