question,Answer
"You are a very strong chess engine.

The chess board is in the following state (FEN): 'R4bk1/3prp1p/1Q6/1pP2ppN/1q1P4/4P1P1/5P1P/6K1 b - - 1 29'. 

What is the best move for black? Respond with a single move in the following notation: [source square][destination square] (e.g., ""f8f4"").",b4b1
"You are a very strong chess engine.

The chess board is in the following state (FEN): 'r1b2r1k/pp1p1p1p/4p2B/2p1nP2/2P1P3/1P4R1/P5PP/7K w - - 4 21'. 

What is the best move for white? Respond with a single move in the following notation: [source square][destination square] (e.g., ""f8f4"").",h6g7
"You are a very strong chess engine.

The chess board is in the following state (FEN): '8/5p2/5p1p/Pp6/4k3/7P/6PK/8 w - - 0 44'. 

What is the best move for white? Respond with a single move in the following notation: [source square][destination square] (e.g., ""f8f4"").",a5a6 
"You are a very strong chess engine.

The chess board is in the following state (FEN): 'r4k1r/1b1Qppbp/pp4pq/8/8/2N5/PPP2PPP/R2R2K1 w - - 4 18'. 

What is the best move for white? Respond with a single move in the following notation: [source square][destination square] (e.g., ""f8f4"").",d7d8 
"You are a very strong chess engine.

The chess board is in the following state (FEN): 'r3r1k1/pp5p/n3q3/3B1QP1/2p5/7P/PP6/2K2n2 w - - 2 35'. 

What is the best move for white? Respond with a single move in the following notation: [source square][destination square] (e.g., ""f8f4"").",d5e6 
"You are a very strong chess engine.

The chess board is in the following state (FEN): 'rn1qkbnr/1pp2ppp/3p4/p3N3/2B1P3/2N5/PPPP1PPP/R1BbK2R w KQkq - 0 6'. 

What is the best move for white? Respond with a single move in the following notation: [source square][destination square] (e.g., ""f8f4"").",c4f7 
"You are a very strong chess engine.

The chess board is in the following state (FEN): 'r4rk1/ppp2p1p/2np1p2/2b1p3/4P1b1/2PP1N2/PP3P1P/RN2KB1R w KQ - 0 10'. 

What is the best move for white? Respond with a single move in the following notation: [source square][destination square] (e.g., ""f8f4"").",h1g1 
"You are a very strong chess engine.

The chess board is in the following state (FEN): '6r1/1P5p/3bp3/8/8/2pk1K2/2R4P/3N4 w - - 4 44'. 

What is the best move for white? Respond with a single move in the following notation: [source square][destination square] (e.g., ""f8f4"").",c2c3 
"You are a very strong chess engine.

The chess board is in the following state (FEN): '1r2r1k1/5pp1/p6Q/2p1q3/4p3/1P4R1/P1P2PPP/4R1K1 b - - 2 30'. 

What is the best move for black? Respond with a single move in the following notation: [source square][destination square] (e.g., ""f8f4"").",e5g3 
"You are a very strong chess engine.

The chess board is in the following state (FEN): '5rk1/6pn/Q6p/1p2R3/8/5N2/1q3PPP/6K1 b - - 0 26'. 

What is the best move for black? Respond with a single move in the following notation: [source square][destination square] (e.g., ""f8f4"").",f8f3 
"You are a very strong chess engine.

The chess board is in the following state (FEN): '1k5r/ppp2p1R/8/4q3/4P1P1/P7/1P2P3/1K1Q1B2 b - - 0 24'. 

What is the best move for black? Respond with a single move in the following notation: [source square][destination square] (e.g., ""f8f4"").",e5e4 
"You are a very strong chess engine.

The chess board is in the following state (FEN): '8/5k2/p2pNqpr/2pPp3/2P1B3/4P3/PP2K1R1/8 w - - 4 46'. 

What is the best move for white? Respond with a single move in the following notation: [source square][destination square] (e.g., ""f8f4"").",g2f2 
"You are a very strong chess engine.

The chess board is in the following state (FEN): '1r3rk1/6p1/3p3p/3P4/3Q1p2/2n4P/5PP1/R4RK1 b - - 0 28'. 

What is the best move for black? Respond with a single move in the following notation: [source square][destination square] (e.g., ""f8f4"").",c3e2 
"You are a very strong chess engine.

The chess board is in the following state (FEN): '2r2r1k/p5p1/2R1Q2p/3pBn2/3P4/4q3/P5PP/2R4K b - - 2 28'. 

What is the best move for black? Respond with a single move in the following notation: [source square][destination square] (e.g., ""f8f4"").",e3c1 
"You are a very strong chess engine.

The chess board is in the following state (FEN): '8/pp2Qpk1/6p1/3PN2r/7q/3B2K1/PP6/8 w - - 1 36'. 

What is the best move for white? Respond with a single move in the following notation: [source square][destination square] (e.g., ""f8f4"").",e7h4 
"You are a very strong chess engine.

The chess board is in the following state (FEN): 'rn1qr1k1/pp4p1/2p2npp/2b5/4p3/2N3P1/PPP1Q1BP/R1B2R1K w - - 2 15'. 

What is the best move for white? Respond with a single move in the following notation: [source square][destination square] (e.g., ""f8f4"").",e2c4 
"You are a very strong chess engine.

The chess board is in the following state (FEN): 'b1r5/5p1k/4p1p1/4P2p/R2PP3/R1P1b1QP/5NPK/N3q3 b - - 8 41'. 

What is the best move for black? Respond with a single move in the following notation: [source square][destination square] (e.g., ""f8f4"").",e3f2 
"You are a very strong chess engine.

The chess board is in the following state (FEN): 'R4bk1/3prp1p/1Q6/1pP2ppN/3P4/4P1P1/5P1P/1q4K1 w - - 2 30'. 

What is the best move for white? Respond with a single move in the following notation: [source square][destination square] (e.g., ""f8f4"").",g1g2
"You are a very strong chess engine.

The chess board is in the following state (FEN): 'r1b2r1k/pp1p1pBp/4p3/2p1nP2/2P1P3/1P4R1/P5PP/7K b - - 5 21'. 

What is the best move for black? Respond with a single move in the following notation: [source square][destination square] (e.g., ""f8f4"").",h8g8 
"You are a very strong chess engine.

The chess board is in the following state (FEN): '8/5p2/P4p1p/1p6/4k3/7P/6PK/8 b - - 0 44'. 

What is the best move for black? Respond with a single move in the following notation: [source square][destination square] (e.g., ""f8f4"").",e4d5 
"You are a very strong chess engine.

The chess board is in the following state (FEN): 'r2Q1k1r/1b2ppbp/pp4pq/8/8/2N5/PPP2PPP/R2R2K1 b - - 5 18'. 

What is the best move for black? Respond with a single move in the following notation: [source square][destination square] (e.g., ""f8f4"").",a8d8 
"You are a very strong chess engine.

The chess board is in the following state (FEN): 'r3r1k1/pp5p/n3B3/5QP1/2p5/7P/PP6/2K2n2 b - - 0 35'. 

What is the best move for black? Respond with a single move in the following notation: [source square][destination square] (e.g., ""f8f4"").",e8e6 
"You are a very strong chess engine.

The chess board is in the following state (FEN): 'rn1qkbnr/1pp2Bpp/3p4/p3N3/4P3/2N5/PPPP1PPP/R1BbK2R b KQkq - 0 6'. 

What is the best move for black? Respond with a single move in the following notation: [source square][destination square] (e.g., ""f8f4"").",e8e7 
"You are a very strong chess engine.

The chess board is in the following state (FEN): 'r4rk1/ppp2p1p/2np1p2/2b1p3/4P1b1/2PP1N2/PP3P1P/RN2KBR1 b Q - 1 10'. 

What is the best move for black? Respond with a single move in the following notation: [source square][destination square] (e.g., ""f8f4"").",g8h8 
"You are a very strong chess engine.

The chess board is in the following state (FEN): '6r1/1P5p/3bp3/8/8/2Rk1K2/7P/3N4 b - - 0 44'. 

What is the best move for black? Respond with a single move in the following notation: [source square][destination square] (e.g., ""f8f4"").",d3d4 
"You are a very strong chess engine.

The chess board is in the following state (FEN): '1r2r1k1/5pp1/p6Q/2p5/4p3/1P4q1/P1P2PPP/4R1K1 w - - 0 31'. 

What is the best move for white? Respond with a single move in the following notation: [source square][destination square] (e.g., ""f8f4"").",h2g3 
"You are a very strong chess engine.

The chess board is in the following state (FEN): '6k1/6pn/Q6p/1p2R3/8/5r2/1q3PPP/6K1 w - - 0 27'. 

What is the best move for white? Respond with a single move in the following notation: [source square][destination square] (e.g., ""f8f4"").",e5e8
"You are a very strong chess engine.

The chess board is in the following state (FEN): '1k5r/ppp2p1R/8/8/4q1P1/P7/1P2P3/1K1Q1B2 w - - 0 25'. 

What is the best move for white? Respond with a single move in the following notation: [source square][destination square] (e.g., ""f8f4"").",b1a1 
"You are a very strong chess engine.

The chess board is in the following state (FEN): '8/5k2/p2pNqpr/2pPp3/2P1B3/4P3/PP2KR2/8 b - - 5 46'. 

What is the best move for black? Respond with a single move in the following notation: [source square][destination square] (e.g., ""f8f4"").",f7e7 
"You are a very strong chess engine.

The chess board is in the following state (FEN): '1r3rk1/6p1/3p3p/3P4/3Q1p2/7P/4nPP1/R4RK1 w - - 1 29'. 

What is the best move for white? Respond with a single move in the following notation: [source square][destination square] (e.g., ""f8f4"").",g1h2 
"You are a very strong chess engine.

The chess board is in the following state (FEN): '2r2r1k/p5p1/2R1Q2p/3pBn2/3P4/8/P5PP/2q4K w - - 0 29'. 

What is the best move for white? Respond with a single move in the following notation: [source square][destination square] (e.g., ""f8f4"").",c6c1 
"You are a very strong chess engine.

The chess board is in the following state (FEN): '8/pp3pk1/6p1/3PN2r/7Q/3B2K1/PP6/8 b - - 0 36'. 

What is the best move for black? Respond with a single move in the following notation: [source square][destination square] (e.g., ""f8f4"").",h5h4 
"You are a very strong chess engine.

The chess board is in the following state (FEN): 'rn1qr1k1/pp4p1/2p2npp/2b5/2Q1p3/2N3P1/PPP3BP/R1B2R1K b - - 3 15'. 

What is the best move for black? Respond with a single move in the following notation: [source square][destination square] (e.g., ""f8f4"").",g8h7 
"You are a very strong chess engine.

The chess board is in the following state (FEN): 'b1r5/5p1k/4p1p1/4P2p/R2PP3/R1P3QP/5bPK/N3q3 w - - 0 42'. 

What is the best move for white? Respond with a single move in the following notation: [source square][destination square] (e.g., ""f8f4"").",g3f2 
"You are a very strong chess engine.

The chess board is in the following state (FEN): 'R4bk1/3prp1p/1Q6/1pP2ppN/3P4/4P1P1/5PKP/1q6 b - - 3 30'. 

What is the best move for black? Respond with a single move in the following notation: [source square][destination square] (e.g., ""f8f4"").",b1e4
"You are a very strong chess engine.

The chess board is in the following state (FEN): 'r1b2rk1/pp1p1pBp/4p3/2p1nP2/2P1P3/1P4R1/P5PP/7K w - - 6 22'

What is the best move for white? Respond with a single move in the following notation: [source square][destination square] (e.g., ""f8f4"").",g7e5
"You are a very strong chess engine.

The chess board is in the following state (FEN): '8/5p2/P4p1p/1p1k4/8/7P/6PK/8 w - - 1 45'. 

What is the best move for white? Respond with a single move in the following notation: [source square][destination square] (e.g., ""f8f4"").",a6a7
"You are a very strong chess engine.

The chess board is in the following state (FEN): '3r1k1r/1b2ppbp/pp4pq/8/8/2N5/PPP2PPP/R2R2K1 w - - 0 19'. 

What is the best move for white? Respond with a single move in the following notation: [source square][destination square] (e.g., ""f8f4"").",d1d8
"You are a very strong chess engine.

The chess board is in the following state (FEN): 'r5k1/pp5p/n3r3/5QP1/2p5/7P/PP6/2K2n2 w - - 0 36'. 

What is the best move for white? Respond with a single move in the following notation: [source square][destination square] (e.g., ""f8f4"").",f5e6
"You are a very strong chess engine.

The chess board is in the following state (FEN): 'rn1q1bnr/1pp1kBpp/3p4/p3N3/4P3/2N5/PPPP1PPP/R1BbK2R w KQ - 1 7'. 

What is the best move for white? Respond with a single move in the following notation: [source square][destination square] (e.g., ""f8f4"").",c3d5
"You are a very strong chess engine.

The chess board is in the following state (FEN): 'r4r1k/ppp2p1p/2np1p2/2b1p3/4P1b1/2PP1N2/PP3P1P/RN2KBR1 w Q - 2 11'. 

What is the best move for white? Respond with a single move in the following notation: [source square][destination square] (e.g., ""f8f4"").",g1g4
"You are a very strong chess engine.

The chess board is in the following state (FEN): '6r1/1P5p/3bp3/8/3k4/2R2K2/7P/3N4 w - - 1 45'. 

What is the best move for white? Respond with a single move in the following notation: [source square][destination square] (e.g., ""f8f4"").",c3c8
"You are a very strong chess engine.

The chess board is in the following state (FEN): '1r2r1k1/5pp1/p6Q/2p5/4p3/1P4P1/P1P2PP1/4R1K1 b - - 0 31'. 

What is the best move for black? Respond with a single move in the following notation: [source square][destination square] (e.g., ""f8f4"").",g7h6
"You are a very strong chess engine.

The chess board is in the following state (FEN): '4R1k1/6pn/Q6p/1p6/8/5r2/1q3PPP/6K1 b - - 1 27'. 

What is the best move for black? Respond with a single move in the following notation: [source square][destination square] (e.g., ""f8f4"").",f3f8
"You are a very strong chess engine.

The chess board is in the following state (FEN): '1k5r/ppp2p1R/8/8/4q1P1/P7/1P2P3/K2Q1B2 b - - 1 25'. 

What is the best move for black? Respond with a single move in the following notation: [source square][destination square] (e.g., ""f8f4"").",e4h7
"You are a very strong chess engine.

The chess board is in the following state (FEN): '8/4k3/p2pNqpr/2pPp3/2P1B3/4P3/PP2KR2/8 w - - 6 47'. 

What is the best move for white? Respond with a single move in the following notation: [source square][destination square] (e.g., ""f8f4"").",f2f6
"You are a very strong chess engine.

The chess board is in the following state (FEN): '1r3rk1/6p1/3p3p/3P4/3Q1p2/7P/4nPPK/R4R2 b - - 2 29'. 

What is the best move for black? Respond with a single move in the following notation: [source square][destination square] (e.g., ""f8f4"").",e2d4
"You are a very strong chess engine.

The chess board is in the following state (FEN): '2r2r1k/p5p1/4Q2p/3pBn2/3P4/8/P5PP/2R4K b - - 0 29'. 

What is the best move for black? Respond with a single move in the following notation: [source square][destination square] (e.g., ""f8f4"").",c8c1
"You are a very strong chess engine.

The chess board is in the following state (FEN): '8/pp3pk1/6p1/3PN3/7r/3B2K1/PP6/8 w - - 0 37'. 

What is the best move for white? Respond with a single move in the following notation: [source square][destination square] (e.g., ""f8f4"").",g3h4
"You are a very strong chess engine.

The chess board is in the following state (FEN): 'rn1qr3/pp4pk/2p2npp/2b5/2Q1p3/2N3P1/PPP3BP/R1B2R1K w - - 4 16'. 

What is the best move for white? Respond with a single move in the following notation: [source square][destination square] (e.g., ""f8f4"").",c4c5
